order_id,customer_id,order_date,region,payment_method,order_status
O000001,C00001,2026-01-01,West,Debit Card,Completed
O000002,C00002,2026-01-02,West,COD,Completed
O000003,C00003,2026-01-03,South,UPI,Completed
O000004,C00004,2026-01-04,North,COD,Completed
O000005,C00005,2026-01-05,North,UPI,Pending
O000006,C00006,2026-01-06,North,COD,Completed
O000007,C00007,2026-01-07,East,Debit Card,Completed
O000008,C00008,2026-01-08,West,UPI,Cancelled
O000009,C00009,2026-01-09,West,Credit Card,Completed
O000010,C00010,2026-01-10,West,Credit Card,Completed
O000011,C00011,2026-01-11,East,COD,Cancelled
O000012,C00012,2026-01-12,West,Credit Card,Completed
O000013,C00013,2026-01-13,East,UPI,Completed
O000014,C00014,2026-01-14,North,Credit Card,Completed
O000015,C00015,2026-01-15,South,Debit Card,Pending
O000016,C00016,2026-01-16,West,Debit Card,Completed
O000017,C00017,2026-01-17,West,COD,Completed
O000018,C00018,2026-01-18,North,UPI,Pending
O000019,C00019,2026-01-19,South,Debit Card,Pending
O000020,C00020,2026-01-20,East,Debit Card,Completed
O000021,C00021,2026-01-21,South,UPI,Completed
O000022,C00022,2026-01-22,North,Credit Card,Completed
O000023,C00023,2026-01-23,North,Credit Card,Completed
O000024,C00024,2026-01-24,South,COD,Completed
O000025,C00025,2026-01-25,East,Credit Card,Completed
O000026,C00026,2026-01-26,East,UPI,Pending
O000027,C00027,2026-01-27,West,Debit Card,Pending
O000028,C00028,2026-01-28,East,Credit Card,Completed
O000029,C00029,2026-01-29,South,COD,Pending
O000030,C00030,2026-01-30,North,Credit Card,Completed
O000031,C00031,2026-01-31,West,UPI,Pending
O000032,C00032,2026-02-01,West,COD,Completed
O000033,C00033,2026-02-02,North,Credit Card,Completed
O000034,C00034,2026-02-03,East,COD,Pending
O000035,C00035,2026-02-04,North,UPI,Completed
O000036,C00036,2026-02-05,East,Debit Card,Completed
O000037,C00037,2026-02-06,North,UPI,Completed
O000038,C00038,2026-02-07,South,UPI,Completed
O000039,C00039,2026-02-08,East,UPI,Completed
O000040,C00040,2026-02-09,South,UPI,Completed
O000041,C00041,2026-02-10,West,Debit Card,Completed
O000042,C00042,2026-02-11,North,Debit Card,Completed
O000043,C00043,2026-02-12,West,COD,Completed
O000044,C00044,2026-02-13,West,Credit Card,Completed
O000045,C00045,2026-02-14,West,Debit Card,Cancelled
O000046,C00046,2026-02-15,West,Debit Card,Completed
O000047,C00047,2026-02-16,North,Credit Card,Completed
O000048,C00048,2026-02-17,West,Debit Card,Completed
O000049,C00049,2026-02-18,North,UPI,Cancelled
O000050,C00050,2026-02-19,North,UPI,Completed
O000051,C00051,2026-02-20,South,Credit Card,Completed
O000052,C00052,2026-02-21,East,COD,Completed
O000053,C00053,2026-02-22,East,COD,Completed
O000054,C00054,2026-02-23,North,Credit Card,Completed
O000055,C00055,2026-02-24,South,Credit Card,Pending
O000056,C00056,2026-02-25,North,UPI,Cancelled
O000057,C00057,2026-02-26,North,COD,Completed
O000058,C00058,2026-02-27,North,Debit Card,Completed
O000059,C00059,2026-02-28,South,UPI,Cancelled
O000060,C00060,2026-03-01,East,Credit Card,Completed
O000061,C00061,2026-03-02,South,COD,Completed
O000062,C00062,2026-03-03,West,Debit Card,Completed
O000063,C00063,2026-03-04,South,Debit Card,Completed
O000064,C00064,2026-03-05,South,UPI,Completed
O000065,C00065,2026-03-06,South,COD,Completed
O000066,C00066,2026-03-07,South,COD,Cancelled
O000067,C00067,2026-03-08,East,Credit Card,Cancelled
O000068,C00068,2026-03-09,West,COD,Completed
O000069,C00069,2026-03-10,East,COD,Completed
O000070,C00070,2026-03-11,East,UPI,Cancelled
O000071,C00071,2026-03-12,South,COD,Pending
O000072,C00072,2026-03-13,North,Debit Card,Completed
O000073,C00073,2026-03-14,North,UPI,Cancelled
O000074,C00074,2026-03-15,East,UPI,Pending
O000075,C00075,2026-03-16,East,Credit Card,Completed
O000076,C00076,2026-03-17,South,COD,Completed
O000077,C00077,2026-03-18,East,Credit Card,Completed
O000078,C00078,2026-03-19,South,Debit Card,Completed
O000079,C00079,2026-03-20,North,UPI,Completed
O000080,C00080,2026-03-21,North,UPI,Pending
O000081,C00081,2026-03-22,West,UPI,Completed
O000082,C00082,2026-03-23,North,Debit Card,Completed
O000083,C00083,2026-03-24,East,Debit Card,Completed
O000084,C00084,2026-03-25,North,Credit Card,Completed
O000085,C00085,2026-03-26,South,Credit Card,Cancelled
O000086,C00086,2026-03-27,North,Credit Card,Completed
O000087,C00087,2026-03-28,West,COD,Completed
O000088,C00088,2026-03-29,North,UPI,Completed
O000089,C00089,2026-03-30,South,UPI,Completed
O000090,C00090,2026-03-31,South,Credit Card,Completed
O000091,C00091,2026-04-01,East,UPI,Completed
O000092,C00092,2026-04-02,North,Credit Card,Completed
O000093,C00093,2026-04-03,South,COD,Completed
O000094,C00094,2026-04-04,West,COD,Completed
O000095,C00095,2026-04-05,East,Debit Card,Completed
O000096,C00096,2026-04-06,West,COD,Cancelled
O000097,C00097,2026-04-07,North,Credit Card,Completed
O000098,C00098,2026-04-08,North,COD,Completed
O000099,C00099,2026-04-09,North,Debit Card,Completed
O000100,C00100,2026-04-10,East,UPI,Completed
