order_item_id,order_id,product_id,quantity,selling_price,discount,sales
OI0000001,O000001,P0085,4,3440.24,0.1,12384.86
OI0000002,O000002,P0049,5,6264.77,0.0,31323.85
OI0000003,O000003,P0071,4,3102.23,0.1,11168.03
OI0000004,O000004,P0081,2,2851.97,0.2,4563.15
OI0000005,O000005,P0084,2,5916.8,0.1,10650.24
OI0000006,O000006,P0049,1,6264.77,0.05,5951.53
OI0000007,O000007,P0020,5,1087.43,0.0,5437.15
OI0000008,O000008,P0086,4,3079.29,0.05,11701.3
OI0000009,O000009,P0092,3,6977.47,0.05,19885.79
OI0000010,O000010,P0063,2,5752.43,0.2,9203.89
OI0000011,O000011,P0061,2,3891.85,0.0,7783.7
OI0000012,O000012,P0049,3,6264.77,0.0,18794.31
OI0000013,O000013,P0071,4,3102.23,0.0,12408.92
OI0000014,O000014,P0001,4,6910.49,0.0,27641.96
OI0000015,O000015,P0096,5,5992.64,0.0,29963.2
OI0000016,O000016,P0013,5,6372.57,0.2,25490.28
OI0000017,O000017,P0094,1,5452.22,0.1,4907.0
OI0000018,O000018,P0087,2,2131.83,0.05,4050.48
OI0000019,O000019,P0051,5,4454.89,0.0,22274.45
OI0000020,O000020,P0056,4,4210.5,0.1,15157.8
OI0000021,O000021,P0083,3,5942.2,0.1,16043.94
OI0000022,O000022,P0062,4,2373.84,0.05,9020.59
OI0000023,O000023,P0032,2,589.17,0.2,942.67
OI0000024,O000024,P0030,4,381.43,0.15,1296.86
OI0000025,O000025,P0029,1,6753.59,0.15,5740.55
OI0000026,O000026,P0049,2,6264.77,0.1,11276.59
OI0000027,O000027,P0045,3,6337.76,0.05,18062.62
OI0000028,O000028,P0093,1,4021.39,0.15,3418.18
OI0000029,O000029,P0030,2,381.43,0.1,686.57
OI0000030,O000030,P0016,3,376.07,0.2,902.57
OI0000031,O000031,P0040,1,4516.97,0.15,3839.42
OI0000032,O000032,P0019,1,1096.08,0.1,986.47
OI0000033,O000033,P0018,2,677.23,0.1,1219.01
OI0000034,O000034,P0001,5,6910.49,0.0,34552.45
OI0000035,O000035,P0078,1,6914.75,0.2,5531.8
OI0000036,O000036,P0047,1,2182.45,0.0,2182.45
OI0000037,O000037,P0066,3,6403.21,0.05,18249.15
OI0000038,O000038,P0092,4,6977.47,0.0,27909.88
OI0000039,O000039,P0094,2,5452.22,0.0,10904.44
OI0000040,O000040,P0038,2,6794.33,0.15,11550.36
OI0000041,O000041,P0051,5,4454.89,0.1,20047.0
OI0000042,O000042,P0063,5,5752.43,0.2,23009.72
OI0000043,O000043,P0004,2,5745.76,0.0,11491.52
OI0000044,O000044,P0001,5,6910.49,0.2,27641.96
OI0000045,O000045,P0008,3,2820.94,0.0,8462.82
OI0000046,O000046,P0029,2,6753.59,0.05,12831.82
OI0000047,O000047,P0055,5,2667.46,0.0,13337.3
OI0000048,O000048,P0003,2,2783.3,0.15,4731.61
OI0000049,O000049,P0032,4,589.17,0.1,2121.01
OI0000050,O000050,P0010,1,5506.88,0.05,5231.54
OI0000051,O000051,P0074,2,602.97,0.0,1205.94
OI0000052,O000052,P0083,1,5942.2,0.2,4753.76
OI0000053,O000053,P0034,5,3835.6,0.05,18219.1
OI0000054,O000054,P0097,1,1957.23,0.05,1859.37
OI0000055,O000055,P0087,2,2131.83,0.0,4263.66
OI0000056,O000056,P0055,4,2667.46,0.05,10136.35
OI0000057,O000057,P0092,5,6977.47,0.2,27909.88
OI0000058,O000058,P0032,2,589.17,0.05,1119.42
OI0000059,O000059,P0050,5,3352.9,0.2,13411.6
OI0000060,O000060,P0007,3,5347.63,0.0,16042.89
OI0000061,O000061,P0093,1,4021.39,0.1,3619.25
OI0000062,O000062,P0008,3,2820.94,0.05,8039.68
OI0000063,O000063,P0065,2,1389.53,0.1,2501.15
OI0000064,O000064,P0057,4,820.82,0.2,2626.62
OI0000065,O000065,P0067,5,5811.0,0.05,27602.25
OI0000066,O000066,P0088,1,677.72,0.15,576.06
OI0000067,O000067,P0087,5,2131.83,0.1,9593.24
OI0000068,O000068,P0059,2,6907.61,0.05,13124.46
OI0000069,O000069,P0072,5,6549.28,0.1,29471.76
OI0000070,O000070,P0054,1,3406.78,0.05,3236.44
OI0000071,O000071,P0067,2,5811.0,0.0,11622.0
OI0000072,O000072,P0051,5,4454.89,0.1,20047.0
OI0000073,O000073,P0097,4,1957.23,0.15,6654.58
OI0000074,O000074,P0092,2,6977.47,0.15,11861.7
OI0000075,O000075,P0008,2,2820.94,0.2,4513.5
OI0000076,O000076,P0034,4,3835.6,0.05,14575.28
OI0000077,O000077,P0035,3,6952.86,0.1,18772.72
OI0000078,O000078,P0096,1,5992.64,0.2,4794.11
OI0000079,O000079,P0088,3,677.72,0.1,1829.84
OI0000080,O000080,P0078,5,6914.75,0.05,32845.06
OI0000081,O000081,P0032,4,589.17,0.15,2003.18
OI0000082,O000082,P0046,3,604.49,0.0,1813.47
OI0000083,O000083,P0016,2,376.07,0.15,639.32
OI0000084,O000084,P0068,5,6663.66,0.2,26654.64
OI0000085,O000085,P0037,5,4010.82,0.0,20054.1
OI0000086,O000086,P0054,3,3406.78,0.2,8176.27
OI0000087,O000087,P0085,3,3440.24,0.05,9804.68
OI0000088,O000088,P0014,4,1045.02,0.0,4180.08
OI0000089,O000089,P0095,1,6629.93,0.2,5303.94
OI0000090,O000090,P0055,3,2667.46,0.05,7602.26
OI0000091,O000091,P0048,3,6667.76,0.15,17002.79
OI0000092,O000092,P0082,2,6798.43,0.05,12917.02
OI0000093,O000093,P0007,5,5347.63,0.1,24064.34
OI0000094,O000094,P0074,1,602.97,0.05,572.82
OI0000095,O000095,P0007,2,5347.63,0.05,10160.5
OI0000096,O000096,P0033,4,6270.66,0.1,22574.38
OI0000097,O000097,P0023,4,4208.57,0.2,13467.42
OI0000098,O000098,P0085,3,3440.24,0.2,8256.58
OI0000099,O000099,P0019,3,1096.08,0.05,3123.83
OI0000100,O000100,P0019,4,1096.08,0.1,3945.89
