payment_id,order_id,payment_amount,payment_status
PAY000001,O000001,12384.86,Paid
PAY000002,O000002,31323.85,Paid
PAY000003,O000003,11168.03,Paid
PAY000004,O000004,4563.15,Paid
PAY000005,O000005,10650.24,Pending
PAY000006,O000006,5951.53,Paid
PAY000007,O000007,5437.15,Paid
PAY000008,O000008,11701.3,Refunded
PAY000009,O000009,19885.79,Paid
PAY000010,O000010,9203.89,Paid
PAY000011,O000011,7783.7,Refunded
PAY000012,O000012,18794.31,Paid
PAY000013,O000013,12408.92,Paid
PAY000014,O000014,27641.96,Paid
PAY000015,O000015,29963.2,Pending
PAY000016,O000016,25490.28,Paid
PAY000017,O000017,4907.0,Paid
PAY000018,O000018,4050.48,Pending
PAY000019,O000019,22274.45,Pending
PAY000020,O000020,15157.8,Paid
PAY000021,O000021,16043.94,Paid
PAY000022,O000022,9020.59,Paid
PAY000023,O000023,942.67,Paid
PAY000024,O000024,1296.86,Paid
PAY000025,O000025,5740.55,Paid
PAY000026,O000026,11276.59,Pending
PAY000027,O000027,18062.62,Pending
PAY000028,O000028,3418.18,Paid
PAY000029,O000029,686.57,Pending
PAY000030,O000030,902.57,Paid
PAY000031,O000031,3839.42,Pending
PAY000032,O000032,986.47,Paid
PAY000033,O000033,1219.01,Paid
PAY000034,O000034,34552.45,Pending
PAY000035,O000035,5531.8,Paid
PAY000036,O000036,2182.45,Paid
PAY000037,O000037,18249.15,Paid
PAY000038,O000038,27909.88,Paid
PAY000039,O000039,10904.44,Paid
PAY000040,O000040,11550.36,Paid
PAY000041,O000041,20047.0,Paid
PAY000042,O000042,23009.72,Paid
PAY000043,O000043,11491.52,Paid
PAY000044,O000044,27641.96,Paid
PAY000045,O000045,8462.82,Refunded
PAY000046,O000046,12831.82,Paid
PAY000047,O000047,13337.3,Paid
PAY000048,O000048,4731.61,Paid
PAY000049,O000049,2121.01,Refunded
PAY000050,O000050,5231.54,Paid
PAY000051,O000051,1205.94,Paid
PAY000052,O000052,4753.76,Paid
PAY000053,O000053,18219.1,Paid
PAY000054,O000054,1859.37,Paid
PAY000055,O000055,4263.66,Pending
PAY000056,O000056,10136.35,Refunded
PAY000057,O000057,27909.88,Paid
PAY000058,O000058,1119.42,Paid
PAY000059,O000059,13411.6,Refunded
PAY000060,O000060,16042.89,Paid
PAY000061,O000061,3619.25,Paid
PAY000062,O000062,8039.68,Paid
PAY000063,O000063,2501.15,Paid
PAY000064,O000064,2626.62,Paid
PAY000065,O000065,27602.25,Paid
PAY000066,O000066,576.06,Refunded
PAY000067,O000067,9593.24,Refunded
PAY000068,O000068,13124.46,Paid
PAY000069,O000069,29471.76,Paid
PAY000070,O000070,3236.44,Refunded
PAY000071,O000071,11622.0,Pending
PAY000072,O000072,20047.0,Paid
PAY000073,O000073,6654.58,Refunded
PAY000074,O000074,11861.7,Pending
PAY000075,O000075,4513.5,Paid
PAY000076,O000076,14575.28,Paid
PAY000077,O000077,18772.72,Paid
PAY000078,O000078,4794.11,Paid
PAY000079,O000079,1829.84,Paid
PAY000080,O000080,32845.06,Pending
PAY000081,O000081,2003.18,Paid
PAY000082,O000082,1813.47,Paid
PAY000083,O000083,639.32,Paid
PAY000084,O000084,26654.64,Paid
PAY000085,O000085,20054.1,Refunded
PAY000086,O000086,8176.27,Paid
PAY000087,O000087,9804.68,Paid
PAY000088,O000088,4180.08,Paid
PAY000089,O000089,5303.94,Paid
PAY000090,O000090,7602.26,Paid
PAY000091,O000091,17002.79,Paid
PAY000092,O000092,12917.02,Paid
PAY000093,O000093,24064.34,Paid
PAY000094,O000094,572.82,Paid
PAY000095,O000095,10160.5,Paid
PAY000096,O000096,22574.38,Refunded
PAY000097,O000097,13467.42,Paid
PAY000098,O000098,8256.58,Paid
PAY000099,O000099,3123.83,Paid
PAY000100,O000100,3945.89,Paid
